item_id,split,cue,topic_id,target_action,path
train_call_0000,train,call,0,mirror_topic,train/train_call_0000.wav
train_call_0001,train,call,1,mirror_topic,train/train_call_0001.wav
train_call_0002,train,call,2,mirror_topic,train/train_call_0002.wav
train_call_0003,train,call,3,mirror_topic,train/train_call_0003.wav
train_call_0004,train,call,0,mirror_topic,train/train_call_0004.wav
train_call_0005,train,call,1,mirror_topic,train/train_call_0005.wav
train_call_0006,train,call,2,mirror_topic,train/train_call_0006.wav
train_call_0007,train,call,3,mirror_topic,train/train_call_0007.wav
train_call_0008,train,call,0,mirror_topic,train/train_call_0008.wav
train_call_0009,train,call,1,mirror_topic,train/train_call_0009.wav
train_call_0010,train,call,2,mirror_topic,train/train_call_0010.wav
train_call_0011,train,call,3,mirror_topic,train/train_call_0011.wav
train_call_0012,train,call,0,mirror_topic,train/train_call_0012.wav
train_call_0013,train,call,1,mirror_topic,train/train_call_0013.wav
train_call_0014,train,call,2,mirror_topic,train/train_call_0014.wav
train_call_0015,train,call,3,mirror_topic,train/train_call_0015.wav
train_call_0016,train,call,0,mirror_topic,train/train_call_0016.wav
train_call_0017,train,call,1,mirror_topic,train/train_call_0017.wav
train_call_0018,train,call,2,mirror_topic,train/train_call_0018.wav
train_call_0019,train,call,3,mirror_topic,train/train_call_0019.wav
train_call_0020,train,call,0,mirror_topic,train/train_call_0020.wav
train_call_0021,train,call,1,mirror_topic,train/train_call_0021.wav
train_call_0022,train,call,2,mirror_topic,train/train_call_0022.wav
train_call_0023,train,call,3,mirror_topic,train/train_call_0023.wav
train_call_0024,train,call,0,mirror_topic,train/train_call_0024.wav
train_call_0025,train,call,1,mirror_topic,train/train_call_0025.wav
train_call_0026,train,call,2,mirror_topic,train/train_call_0026.wav
train_call_0027,train,call,3,mirror_topic,train/train_call_0027.wav
train_call_0028,train,call,0,mirror_topic,train/train_call_0028.wav
train_call_0029,train,call,1,mirror_topic,train/train_call_0029.wav
train_call_0030,train,call,2,mirror_topic,train/train_call_0030.wav
train_call_0031,train,call,3,mirror_topic,train/train_call_0031.wav
train_call_0032,train,call,0,mirror_topic,train/train_call_0032.wav
train_call_0033,train,call,1,mirror_topic,train/train_call_0033.wav
train_call_0034,train,call,2,mirror_topic,train/train_call_0034.wav
train_call_0035,train,call,3,mirror_topic,train/train_call_0035.wav
train_call_0036,train,call,0,mirror_topic,train/train_call_0036.wav
train_call_0037,train,call,1,mirror_topic,train/train_call_0037.wav
train_call_0038,train,call,2,mirror_topic,train/train_call_0038.wav
train_call_0039,train,call,3,mirror_topic,train/train_call_0039.wav
train_call_0040,train,call,0,mirror_topic,train/train_call_0040.wav
train_call_0041,train,call,1,mirror_topic,train/train_call_0041.wav
train_call_0042,train,call,2,mirror_topic,train/train_call_0042.wav
train_call_0043,train,call,3,mirror_topic,train/train_call_0043.wav
train_call_0044,train,call,0,mirror_topic,train/train_call_0044.wav
train_call_0045,train,call,1,mirror_topic,train/train_call_0045.wav
train_call_0046,train,call,2,mirror_topic,train/train_call_0046.wav
train_call_0047,train,call,3,mirror_topic,train/train_call_0047.wav
train_call_0048,train,call,0,mirror_topic,train/train_call_0048.wav
train_call_0049,train,call,1,mirror_topic,train/train_call_0049.wav
train_call_0050,train,call,2,mirror_topic,train/train_call_0050.wav
train_call_0051,train,call,3,mirror_topic,train/train_call_0051.wav
train_call_0052,train,call,0,mirror_topic,train/train_call_0052.wav
train_call_0053,train,call,1,mirror_topic,train/train_call_0053.wav
train_call_0054,train,call,2,mirror_topic,train/train_call_0054.wav
train_call_0055,train,call,3,mirror_topic,train/train_call_0055.wav
train_call_0056,train,call,0,mirror_topic,train/train_call_0056.wav
train_call_0057,train,call,1,mirror_topic,train/train_call_0057.wav
train_call_0058,train,call,2,mirror_topic,train/train_call_0058.wav
train_call_0059,train,call,3,mirror_topic,train/train_call_0059.wav
train_answer_0000,train,answer,0,complement_topic,train/train_answer_0000.wav
train_answer_0001,train,answer,1,complement_topic,train/train_answer_0001.wav
train_answer_0002,train,answer,2,complement_topic,train/train_answer_0002.wav
train_answer_0003,train,answer,3,complement_topic,train/train_answer_0003.wav
train_answer_0004,train,answer,0,complement_topic,train/train_answer_0004.wav
train_answer_0005,train,answer,1,complement_topic,train/train_answer_0005.wav
train_answer_0006,train,answer,2,complement_topic,train/train_answer_0006.wav
train_answer_0007,train,answer,3,complement_topic,train/train_answer_0007.wav
train_answer_0008,train,answer,0,complement_topic,train/train_answer_0008.wav
train_answer_0009,train,answer,1,complement_topic,train/train_answer_0009.wav
train_answer_0010,train,answer,2,complement_topic,train/train_answer_0010.wav
train_answer_0011,train,answer,3,complement_topic,train/train_answer_0011.wav
train_answer_0012,train,answer,0,complement_topic,train/train_answer_0012.wav
train_answer_0013,train,answer,1,complement_topic,train/train_answer_0013.wav
train_answer_0014,train,answer,2,complement_topic,train/train_answer_0014.wav
train_answer_0015,train,answer,3,complement_topic,train/train_answer_0015.wav
train_answer_0016,train,answer,0,complement_topic,train/train_answer_0016.wav
train_answer_0017,train,answer,1,complement_topic,train/train_answer_0017.wav
train_answer_0018,train,answer,2,complement_topic,train/train_answer_0018.wav
train_answer_0019,train,answer,3,complement_topic,train/train_answer_0019.wav
train_answer_0020,train,answer,0,complement_topic,train/train_answer_0020.wav
train_answer_0021,train,answer,1,complement_topic,train/train_answer_0021.wav
train_answer_0022,train,answer,2,complement_topic,train/train_answer_0022.wav
train_answer_0023,train,answer,3,complement_topic,train/train_answer_0023.wav
train_answer_0024,train,answer,0,complement_topic,train/train_answer_0024.wav
train_answer_0025,train,answer,1,complement_topic,train/train_answer_0025.wav
train_answer_0026,train,answer,2,complement_topic,train/train_answer_0026.wav
train_answer_0027,train,answer,3,complement_topic,train/train_answer_0027.wav
train_answer_0028,train,answer,0,complement_topic,train/train_answer_0028.wav
train_answer_0029,train,answer,1,complement_topic,train/train_answer_0029.wav
train_answer_0030,train,answer,2,complement_topic,train/train_answer_0030.wav
train_answer_0031,train,answer,3,complement_topic,train/train_answer_0031.wav
train_answer_0032,train,answer,0,complement_topic,train/train_answer_0032.wav
train_answer_0033,train,answer,1,complement_topic,train/train_answer_0033.wav
train_answer_0034,train,answer,2,complement_topic,train/train_answer_0034.wav
train_answer_0035,train,answer,3,complement_topic,train/train_answer_0035.wav
train_answer_0036,train,answer,0,complement_topic,train/train_answer_0036.wav
train_answer_0037,train,answer,1,complement_topic,train/train_answer_0037.wav
train_answer_0038,train,answer,2,complement_topic,train/train_answer_0038.wav
train_answer_0039,train,answer,3,complement_topic,train/train_answer_0039.wav
train_answer_0040,train,answer,0,complement_topic,train/train_answer_0040.wav
train_answer_0041,train,answer,1,complement_topic,train/train_answer_0041.wav
train_answer_0042,train,answer,2,complement_topic,train/train_answer_0042.wav
train_answer_0043,train,answer,3,complement_topic,train/train_answer_0043.wav
train_answer_0044,train,answer,0,complement_topic,train/train_answer_0044.wav
train_answer_0045,train,answer,1,complement_topic,train/train_answer_0045.wav
train_answer_0046,train,answer,2,complement_topic,train/train_answer_0046.wav
train_answer_0047,train,answer,3,complement_topic,train/train_answer_0047.wav
train_answer_0048,train,answer,0,complement_topic,train/train_answer_0048.wav
train_answer_0049,train,answer,1,complement_topic,train/train_answer_0049.wav
train_answer_0050,train,answer,2,complement_topic,train/train_answer_0050.wav
train_answer_0051,train,answer,3,complement_topic,train/train_answer_0051.wav
train_answer_0052,train,answer,0,complement_topic,train/train_answer_0052.wav
train_answer_0053,train,answer,1,complement_topic,train/train_answer_0053.wav
train_answer_0054,train,answer,2,complement_topic,train/train_answer_0054.wav
train_answer_0055,train,answer,3,complement_topic,train/train_answer_0055.wav
train_answer_0056,train,answer,0,complement_topic,train/train_answer_0056.wav
train_answer_0057,train,answer,1,complement_topic,train/train_answer_0057.wav
train_answer_0058,train,answer,2,complement_topic,train/train_answer_0058.wav
train_answer_0059,train,answer,3,complement_topic,train/train_answer_0059.wav
train_hold_0000,train,hold,0,wait,train/train_hold_0000.wav
train_hold_0001,train,hold,1,wait,train/train_hold_0001.wav
train_hold_0002,train,hold,2,wait,train/train_hold_0002.wav
train_hold_0003,train,hold,3,wait,train/train_hold_0003.wav
train_hold_0004,train,hold,0,wait,train/train_hold_0004.wav
train_hold_0005,train,hold,1,wait,train/train_hold_0005.wav
train_hold_0006,train,hold,2,wait,train/train_hold_0006.wav
train_hold_0007,train,hold,3,wait,train/train_hold_0007.wav
train_hold_0008,train,hold,0,wait,train/train_hold_0008.wav
train_hold_0009,train,hold,1,wait,train/train_hold_0009.wav
train_hold_0010,train,hold,2,wait,train/train_hold_0010.wav
train_hold_0011,train,hold,3,wait,train/train_hold_0011.wav
train_hold_0012,train,hold,0,wait,train/train_hold_0012.wav
train_hold_0013,train,hold,1,wait,train/train_hold_0013.wav
train_hold_0014,train,hold,2,wait,train/train_hold_0014.wav
train_hold_0015,train,hold,3,wait,train/train_hold_0015.wav
train_hold_0016,train,hold,0,wait,train/train_hold_0016.wav
train_hold_0017,train,hold,1,wait,train/train_hold_0017.wav
train_hold_0018,train,hold,2,wait,train/train_hold_0018.wav
train_hold_0019,train,hold,3,wait,train/train_hold_0019.wav
train_hold_0020,train,hold,0,wait,train/train_hold_0020.wav
train_hold_0021,train,hold,1,wait,train/train_hold_0021.wav
train_hold_0022,train,hold,2,wait,train/train_hold_0022.wav
train_hold_0023,train,hold,3,wait,train/train_hold_0023.wav
train_hold_0024,train,hold,0,wait,train/train_hold_0024.wav
train_hold_0025,train,hold,1,wait,train/train_hold_0025.wav
train_hold_0026,train,hold,2,wait,train/train_hold_0026.wav
train_hold_0027,train,hold,3,wait,train/train_hold_0027.wav
train_hold_0028,train,hold,0,wait,train/train_hold_0028.wav
train_hold_0029,train,hold,1,wait,train/train_hold_0029.wav
train_hold_0030,train,hold,2,wait,train/train_hold_0030.wav
train_hold_0031,train,hold,3,wait,train/train_hold_0031.wav
train_hold_0032,train,hold,0,wait,train/train_hold_0032.wav
train_hold_0033,train,hold,1,wait,train/train_hold_0033.wav
train_hold_0034,train,hold,2,wait,train/train_hold_0034.wav
train_hold_0035,train,hold,3,wait,train/train_hold_0035.wav
train_hold_0036,train,hold,0,wait,train/train_hold_0036.wav
train_hold_0037,train,hold,1,wait,train/train_hold_0037.wav
train_hold_0038,train,hold,2,wait,train/train_hold_0038.wav
train_hold_0039,train,hold,3,wait,train/train_hold_0039.wav
train_hold_0040,train,hold,0,wait,train/train_hold_0040.wav
train_hold_0041,train,hold,1,wait,train/train_hold_0041.wav
train_hold_0042,train,hold,2,wait,train/train_hold_0042.wav
train_hold_0043,train,hold,3,wait,train/train_hold_0043.wav
train_hold_0044,train,hold,0,wait,train/train_hold_0044.wav
train_hold_0045,train,hold,1,wait,train/train_hold_0045.wav
train_hold_0046,train,hold,2,wait,train/train_hold_0046.wav
train_hold_0047,train,hold,3,wait,train/train_hold_0047.wav
train_hold_0048,train,hold,0,wait,train/train_hold_0048.wav
train_hold_0049,train,hold,1,wait,train/train_hold_0049.wav
train_hold_0050,train,hold,2,wait,train/train_hold_0050.wav
train_hold_0051,train,hold,3,wait,train/train_hold_0051.wav
train_hold_0052,train,hold,0,wait,train/train_hold_0052.wav
train_hold_0053,train,hold,1,wait,train/train_hold_0053.wav
train_hold_0054,train,hold,2,wait,train/train_hold_0054.wav
train_hold_0055,train,hold,3,wait,train/train_hold_0055.wav
train_hold_0056,train,hold,0,wait,train/train_hold_0056.wav
train_hold_0057,train,hold,1,wait,train/train_hold_0057.wav
train_hold_0058,train,hold,2,wait,train/train_hold_0058.wav
train_hold_0059,train,hold,3,wait,train/train_hold_0059.wav
train_interrupt_0000,train,interrupt,0,yield_repair,train/train_interrupt_0000.wav
train_interrupt_0001,train,interrupt,1,yield_repair,train/train_interrupt_0001.wav
train_interrupt_0002,train,interrupt,2,yield_repair,train/train_interrupt_0002.wav
train_interrupt_0003,train,interrupt,3,yield_repair,train/train_interrupt_0003.wav
train_interrupt_0004,train,interrupt,0,yield_repair,train/train_interrupt_0004.wav
train_interrupt_0005,train,interrupt,1,yield_repair,train/train_interrupt_0005.wav
train_interrupt_0006,train,interrupt,2,yield_repair,train/train_interrupt_0006.wav
train_interrupt_0007,train,interrupt,3,yield_repair,train/train_interrupt_0007.wav
train_interrupt_0008,train,interrupt,0,yield_repair,train/train_interrupt_0008.wav
train_interrupt_0009,train,interrupt,1,yield_repair,train/train_interrupt_0009.wav
train_interrupt_0010,train,interrupt,2,yield_repair,train/train_interrupt_0010.wav
train_interrupt_0011,train,interrupt,3,yield_repair,train/train_interrupt_0011.wav
train_interrupt_0012,train,interrupt,0,yield_repair,train/train_interrupt_0012.wav
train_interrupt_0013,train,interrupt,1,yield_repair,train/train_interrupt_0013.wav
train_interrupt_0014,train,interrupt,2,yield_repair,train/train_interrupt_0014.wav
train_interrupt_0015,train,interrupt,3,yield_repair,train/train_interrupt_0015.wav
train_interrupt_0016,train,interrupt,0,yield_repair,train/train_interrupt_0016.wav
train_interrupt_0017,train,interrupt,1,yield_repair,train/train_interrupt_0017.wav
train_interrupt_0018,train,interrupt,2,yield_repair,train/train_interrupt_0018.wav
train_interrupt_0019,train,interrupt,3,yield_repair,train/train_interrupt_0019.wav
train_interrupt_0020,train,interrupt,0,yield_repair,train/train_interrupt_0020.wav
train_interrupt_0021,train,interrupt,1,yield_repair,train/train_interrupt_0021.wav
train_interrupt_0022,train,interrupt,2,yield_repair,train/train_interrupt_0022.wav
train_interrupt_0023,train,interrupt,3,yield_repair,train/train_interrupt_0023.wav
train_interrupt_0024,train,interrupt,0,yield_repair,train/train_interrupt_0024.wav
train_interrupt_0025,train,interrupt,1,yield_repair,train/train_interrupt_0025.wav
train_interrupt_0026,train,interrupt,2,yield_repair,train/train_interrupt_0026.wav
train_interrupt_0027,train,interrupt,3,yield_repair,train/train_interrupt_0027.wav
train_interrupt_0028,train,interrupt,0,yield_repair,train/train_interrupt_0028.wav
train_interrupt_0029,train,interrupt,1,yield_repair,train/train_interrupt_0029.wav
train_interrupt_0030,train,interrupt,2,yield_repair,train/train_interrupt_0030.wav
train_interrupt_0031,train,interrupt,3,yield_repair,train/train_interrupt_0031.wav
train_interrupt_0032,train,interrupt,0,yield_repair,train/train_interrupt_0032.wav
train_interrupt_0033,train,interrupt,1,yield_repair,train/train_interrupt_0033.wav
train_interrupt_0034,train,interrupt,2,yield_repair,train/train_interrupt_0034.wav
train_interrupt_0035,train,interrupt,3,yield_repair,train/train_interrupt_0035.wav
train_interrupt_0036,train,interrupt,0,yield_repair,train/train_interrupt_0036.wav
train_interrupt_0037,train,interrupt,1,yield_repair,train/train_interrupt_0037.wav
train_interrupt_0038,train,interrupt,2,yield_repair,train/train_interrupt_0038.wav
train_interrupt_0039,train,interrupt,3,yield_repair,train/train_interrupt_0039.wav
train_interrupt_0040,train,interrupt,0,yield_repair,train/train_interrupt_0040.wav
train_interrupt_0041,train,interrupt,1,yield_repair,train/train_interrupt_0041.wav
train_interrupt_0042,train,interrupt,2,yield_repair,train/train_interrupt_0042.wav
train_interrupt_0043,train,interrupt,3,yield_repair,train/train_interrupt_0043.wav
train_interrupt_0044,train,interrupt,0,yield_repair,train/train_interrupt_0044.wav
train_interrupt_0045,train,interrupt,1,yield_repair,train/train_interrupt_0045.wav
train_interrupt_0046,train,interrupt,2,yield_repair,train/train_interrupt_0046.wav
train_interrupt_0047,train,interrupt,3,yield_repair,train/train_interrupt_0047.wav
train_interrupt_0048,train,interrupt,0,yield_repair,train/train_interrupt_0048.wav
train_interrupt_0049,train,interrupt,1,yield_repair,train/train_interrupt_0049.wav
train_interrupt_0050,train,interrupt,2,yield_repair,train/train_interrupt_0050.wav
train_interrupt_0051,train,interrupt,3,yield_repair,train/train_interrupt_0051.wav
train_interrupt_0052,train,interrupt,0,yield_repair,train/train_interrupt_0052.wav
train_interrupt_0053,train,interrupt,1,yield_repair,train/train_interrupt_0053.wav
train_interrupt_0054,train,interrupt,2,yield_repair,train/train_interrupt_0054.wav
train_interrupt_0055,train,interrupt,3,yield_repair,train/train_interrupt_0055.wav
train_interrupt_0056,train,interrupt,0,yield_repair,train/train_interrupt_0056.wav
train_interrupt_0057,train,interrupt,1,yield_repair,train/train_interrupt_0057.wav
train_interrupt_0058,train,interrupt,2,yield_repair,train/train_interrupt_0058.wav
train_interrupt_0059,train,interrupt,3,yield_repair,train/train_interrupt_0059.wav
train_drift_0000,train,drift,0,repair_topic,train/train_drift_0000.wav
train_drift_0001,train,drift,1,repair_topic,train/train_drift_0001.wav
train_drift_0002,train,drift,2,repair_topic,train/train_drift_0002.wav
train_drift_0003,train,drift,3,repair_topic,train/train_drift_0003.wav
train_drift_0004,train,drift,0,repair_topic,train/train_drift_0004.wav
train_drift_0005,train,drift,1,repair_topic,train/train_drift_0005.wav
train_drift_0006,train,drift,2,repair_topic,train/train_drift_0006.wav
train_drift_0007,train,drift,3,repair_topic,train/train_drift_0007.wav
train_drift_0008,train,drift,0,repair_topic,train/train_drift_0008.wav
train_drift_0009,train,drift,1,repair_topic,train/train_drift_0009.wav
train_drift_0010,train,drift,2,repair_topic,train/train_drift_0010.wav
train_drift_0011,train,drift,3,repair_topic,train/train_drift_0011.wav
train_drift_0012,train,drift,0,repair_topic,train/train_drift_0012.wav
train_drift_0013,train,drift,1,repair_topic,train/train_drift_0013.wav
train_drift_0014,train,drift,2,repair_topic,train/train_drift_0014.wav
train_drift_0015,train,drift,3,repair_topic,train/train_drift_0015.wav
train_drift_0016,train,drift,0,repair_topic,train/train_drift_0016.wav
train_drift_0017,train,drift,1,repair_topic,train/train_drift_0017.wav
train_drift_0018,train,drift,2,repair_topic,train/train_drift_0018.wav
train_drift_0019,train,drift,3,repair_topic,train/train_drift_0019.wav
train_drift_0020,train,drift,0,repair_topic,train/train_drift_0020.wav
train_drift_0021,train,drift,1,repair_topic,train/train_drift_0021.wav
train_drift_0022,train,drift,2,repair_topic,train/train_drift_0022.wav
train_drift_0023,train,drift,3,repair_topic,train/train_drift_0023.wav
train_drift_0024,train,drift,0,repair_topic,train/train_drift_0024.wav
train_drift_0025,train,drift,1,repair_topic,train/train_drift_0025.wav
train_drift_0026,train,drift,2,repair_topic,train/train_drift_0026.wav
train_drift_0027,train,drift,3,repair_topic,train/train_drift_0027.wav
train_drift_0028,train,drift,0,repair_topic,train/train_drift_0028.wav
train_drift_0029,train,drift,1,repair_topic,train/train_drift_0029.wav
train_drift_0030,train,drift,2,repair_topic,train/train_drift_0030.wav
train_drift_0031,train,drift,3,repair_topic,train/train_drift_0031.wav
train_drift_0032,train,drift,0,repair_topic,train/train_drift_0032.wav
train_drift_0033,train,drift,1,repair_topic,train/train_drift_0033.wav
train_drift_0034,train,drift,2,repair_topic,train/train_drift_0034.wav
train_drift_0035,train,drift,3,repair_topic,train/train_drift_0035.wav
train_drift_0036,train,drift,0,repair_topic,train/train_drift_0036.wav
train_drift_0037,train,drift,1,repair_topic,train/train_drift_0037.wav
train_drift_0038,train,drift,2,repair_topic,train/train_drift_0038.wav
train_drift_0039,train,drift,3,repair_topic,train/train_drift_0039.wav
train_drift_0040,train,drift,0,repair_topic,train/train_drift_0040.wav
train_drift_0041,train,drift,1,repair_topic,train/train_drift_0041.wav
train_drift_0042,train,drift,2,repair_topic,train/train_drift_0042.wav
train_drift_0043,train,drift,3,repair_topic,train/train_drift_0043.wav
train_drift_0044,train,drift,0,repair_topic,train/train_drift_0044.wav
train_drift_0045,train,drift,1,repair_topic,train/train_drift_0045.wav
train_drift_0046,train,drift,2,repair_topic,train/train_drift_0046.wav
train_drift_0047,train,drift,3,repair_topic,train/train_drift_0047.wav
train_drift_0048,train,drift,0,repair_topic,train/train_drift_0048.wav
train_drift_0049,train,drift,1,repair_topic,train/train_drift_0049.wav
train_drift_0050,train,drift,2,repair_topic,train/train_drift_0050.wav
train_drift_0051,train,drift,3,repair_topic,train/train_drift_0051.wav
train_drift_0052,train,drift,0,repair_topic,train/train_drift_0052.wav
train_drift_0053,train,drift,1,repair_topic,train/train_drift_0053.wav
train_drift_0054,train,drift,2,repair_topic,train/train_drift_0054.wav
train_drift_0055,train,drift,3,repair_topic,train/train_drift_0055.wav
train_drift_0056,train,drift,0,repair_topic,train/train_drift_0056.wav
train_drift_0057,train,drift,1,repair_topic,train/train_drift_0057.wav
train_drift_0058,train,drift,2,repair_topic,train/train_drift_0058.wav
train_drift_0059,train,drift,3,repair_topic,train/train_drift_0059.wav
train_end_0000,train,end,0,close,train/train_end_0000.wav
train_end_0001,train,end,1,close,train/train_end_0001.wav
train_end_0002,train,end,2,close,train/train_end_0002.wav
train_end_0003,train,end,3,close,train/train_end_0003.wav
train_end_0004,train,end,0,close,train/train_end_0004.wav
train_end_0005,train,end,1,close,train/train_end_0005.wav
train_end_0006,train,end,2,close,train/train_end_0006.wav
train_end_0007,train,end,3,close,train/train_end_0007.wav
train_end_0008,train,end,0,close,train/train_end_0008.wav
train_end_0009,train,end,1,close,train/train_end_0009.wav
train_end_0010,train,end,2,close,train/train_end_0010.wav
train_end_0011,train,end,3,close,train/train_end_0011.wav
train_end_0012,train,end,0,close,train/train_end_0012.wav
train_end_0013,train,end,1,close,train/train_end_0013.wav
train_end_0014,train,end,2,close,train/train_end_0014.wav
train_end_0015,train,end,3,close,train/train_end_0015.wav
train_end_0016,train,end,0,close,train/train_end_0016.wav
train_end_0017,train,end,1,close,train/train_end_0017.wav
train_end_0018,train,end,2,close,train/train_end_0018.wav
train_end_0019,train,end,3,close,train/train_end_0019.wav
train_end_0020,train,end,0,close,train/train_end_0020.wav
train_end_0021,train,end,1,close,train/train_end_0021.wav
train_end_0022,train,end,2,close,train/train_end_0022.wav
train_end_0023,train,end,3,close,train/train_end_0023.wav
train_end_0024,train,end,0,close,train/train_end_0024.wav
train_end_0025,train,end,1,close,train/train_end_0025.wav
train_end_0026,train,end,2,close,train/train_end_0026.wav
train_end_0027,train,end,3,close,train/train_end_0027.wav
train_end_0028,train,end,0,close,train/train_end_0028.wav
train_end_0029,train,end,1,close,train/train_end_0029.wav
train_end_0030,train,end,2,close,train/train_end_0030.wav
train_end_0031,train,end,3,close,train/train_end_0031.wav
train_end_0032,train,end,0,close,train/train_end_0032.wav
train_end_0033,train,end,1,close,train/train_end_0033.wav
train_end_0034,train,end,2,close,train/train_end_0034.wav
train_end_0035,train,end,3,close,train/train_end_0035.wav
train_end_0036,train,end,0,close,train/train_end_0036.wav
train_end_0037,train,end,1,close,train/train_end_0037.wav
train_end_0038,train,end,2,close,train/train_end_0038.wav
train_end_0039,train,end,3,close,train/train_end_0039.wav
train_end_0040,train,end,0,close,train/train_end_0040.wav
train_end_0041,train,end,1,close,train/train_end_0041.wav
train_end_0042,train,end,2,close,train/train_end_0042.wav
train_end_0043,train,end,3,close,train/train_end_0043.wav
train_end_0044,train,end,0,close,train/train_end_0044.wav
train_end_0045,train,end,1,close,train/train_end_0045.wav
train_end_0046,train,end,2,close,train/train_end_0046.wav
train_end_0047,train,end,3,close,train/train_end_0047.wav
train_end_0048,train,end,0,close,train/train_end_0048.wav
train_end_0049,train,end,1,close,train/train_end_0049.wav
train_end_0050,train,end,2,close,train/train_end_0050.wav
train_end_0051,train,end,3,close,train/train_end_0051.wav
train_end_0052,train,end,0,close,train/train_end_0052.wav
train_end_0053,train,end,1,close,train/train_end_0053.wav
train_end_0054,train,end,2,close,train/train_end_0054.wav
train_end_0055,train,end,3,close,train/train_end_0055.wav
train_end_0056,train,end,0,close,train/train_end_0056.wav
train_end_0057,train,end,1,close,train/train_end_0057.wav
train_end_0058,train,end,2,close,train/train_end_0058.wav
train_end_0059,train,end,3,close,train/train_end_0059.wav
test_call_0000,test,call,0,mirror_topic,test/test_call_0000.wav
test_call_0001,test,call,1,mirror_topic,test/test_call_0001.wav
test_call_0002,test,call,2,mirror_topic,test/test_call_0002.wav
test_call_0003,test,call,3,mirror_topic,test/test_call_0003.wav
test_call_0004,test,call,0,mirror_topic,test/test_call_0004.wav
test_call_0005,test,call,1,mirror_topic,test/test_call_0005.wav
test_call_0006,test,call,2,mirror_topic,test/test_call_0006.wav
test_call_0007,test,call,3,mirror_topic,test/test_call_0007.wav
test_call_0008,test,call,0,mirror_topic,test/test_call_0008.wav
test_call_0009,test,call,1,mirror_topic,test/test_call_0009.wav
test_call_0010,test,call,2,mirror_topic,test/test_call_0010.wav
test_call_0011,test,call,3,mirror_topic,test/test_call_0011.wav
test_call_0012,test,call,0,mirror_topic,test/test_call_0012.wav
test_call_0013,test,call,1,mirror_topic,test/test_call_0013.wav
test_call_0014,test,call,2,mirror_topic,test/test_call_0014.wav
test_call_0015,test,call,3,mirror_topic,test/test_call_0015.wav
test_call_0016,test,call,0,mirror_topic,test/test_call_0016.wav
test_call_0017,test,call,1,mirror_topic,test/test_call_0017.wav
test_call_0018,test,call,2,mirror_topic,test/test_call_0018.wav
test_call_0019,test,call,3,mirror_topic,test/test_call_0019.wav
test_call_0020,test,call,0,mirror_topic,test/test_call_0020.wav
test_call_0021,test,call,1,mirror_topic,test/test_call_0021.wav
test_call_0022,test,call,2,mirror_topic,test/test_call_0022.wav
test_call_0023,test,call,3,mirror_topic,test/test_call_0023.wav
test_call_0024,test,call,0,mirror_topic,test/test_call_0024.wav
test_call_0025,test,call,1,mirror_topic,test/test_call_0025.wav
test_call_0026,test,call,2,mirror_topic,test/test_call_0026.wav
test_call_0027,test,call,3,mirror_topic,test/test_call_0027.wav
test_call_0028,test,call,0,mirror_topic,test/test_call_0028.wav
test_call_0029,test,call,1,mirror_topic,test/test_call_0029.wav
test_call_0030,test,call,2,mirror_topic,test/test_call_0030.wav
test_call_0031,test,call,3,mirror_topic,test/test_call_0031.wav
test_call_0032,test,call,0,mirror_topic,test/test_call_0032.wav
test_call_0033,test,call,1,mirror_topic,test/test_call_0033.wav
test_call_0034,test,call,2,mirror_topic,test/test_call_0034.wav
test_call_0035,test,call,3,mirror_topic,test/test_call_0035.wav
test_call_0036,test,call,0,mirror_topic,test/test_call_0036.wav
test_call_0037,test,call,1,mirror_topic,test/test_call_0037.wav
test_call_0038,test,call,2,mirror_topic,test/test_call_0038.wav
test_call_0039,test,call,3,mirror_topic,test/test_call_0039.wav
test_answer_0000,test,answer,0,complement_topic,test/test_answer_0000.wav
test_answer_0001,test,answer,1,complement_topic,test/test_answer_0001.wav
test_answer_0002,test,answer,2,complement_topic,test/test_answer_0002.wav
test_answer_0003,test,answer,3,complement_topic,test/test_answer_0003.wav
test_answer_0004,test,answer,0,complement_topic,test/test_answer_0004.wav
test_answer_0005,test,answer,1,complement_topic,test/test_answer_0005.wav
test_answer_0006,test,answer,2,complement_topic,test/test_answer_0006.wav
test_answer_0007,test,answer,3,complement_topic,test/test_answer_0007.wav
test_answer_0008,test,answer,0,complement_topic,test/test_answer_0008.wav
test_answer_0009,test,answer,1,complement_topic,test/test_answer_0009.wav
test_answer_0010,test,answer,2,complement_topic,test/test_answer_0010.wav
test_answer_0011,test,answer,3,complement_topic,test/test_answer_0011.wav
test_answer_0012,test,answer,0,complement_topic,test/test_answer_0012.wav
test_answer_0013,test,answer,1,complement_topic,test/test_answer_0013.wav
test_answer_0014,test,answer,2,complement_topic,test/test_answer_0014.wav
test_answer_0015,test,answer,3,complement_topic,test/test_answer_0015.wav
test_answer_0016,test,answer,0,complement_topic,test/test_answer_0016.wav
test_answer_0017,test,answer,1,complement_topic,test/test_answer_0017.wav
test_answer_0018,test,answer,2,complement_topic,test/test_answer_0018.wav
test_answer_0019,test,answer,3,complement_topic,test/test_answer_0019.wav
test_answer_0020,test,answer,0,complement_topic,test/test_answer_0020.wav
test_answer_0021,test,answer,1,complement_topic,test/test_answer_0021.wav
test_answer_0022,test,answer,2,complement_topic,test/test_answer_0022.wav
test_answer_0023,test,answer,3,complement_topic,test/test_answer_0023.wav
test_answer_0024,test,answer,0,complement_topic,test/test_answer_0024.wav
test_answer_0025,test,answer,1,complement_topic,test/test_answer_0025.wav
test_answer_0026,test,answer,2,complement_topic,test/test_answer_0026.wav
test_answer_0027,test,answer,3,complement_topic,test/test_answer_0027.wav
test_answer_0028,test,answer,0,complement_topic,test/test_answer_0028.wav
test_answer_0029,test,answer,1,complement_topic,test/test_answer_0029.wav
test_answer_0030,test,answer,2,complement_topic,test/test_answer_0030.wav
test_answer_0031,test,answer,3,complement_topic,test/test_answer_0031.wav
test_answer_0032,test,answer,0,complement_topic,test/test_answer_0032.wav
test_answer_0033,test,answer,1,complement_topic,test/test_answer_0033.wav
test_answer_0034,test,answer,2,complement_topic,test/test_answer_0034.wav
test_answer_0035,test,answer,3,complement_topic,test/test_answer_0035.wav
test_answer_0036,test,answer,0,complement_topic,test/test_answer_0036.wav
test_answer_0037,test,answer,1,complement_topic,test/test_answer_0037.wav
test_answer_0038,test,answer,2,complement_topic,test/test_answer_0038.wav
test_answer_0039,test,answer,3,complement_topic,test/test_answer_0039.wav
test_hold_0000,test,hold,0,wait,test/test_hold_0000.wav
test_hold_0001,test,hold,1,wait,test/test_hold_0001.wav
test_hold_0002,test,hold,2,wait,test/test_hold_0002.wav
test_hold_0003,test,hold,3,wait,test/test_hold_0003.wav
test_hold_0004,test,hold,0,wait,test/test_hold_0004.wav
test_hold_0005,test,hold,1,wait,test/test_hold_0005.wav
test_hold_0006,test,hold,2,wait,test/test_hold_0006.wav
test_hold_0007,test,hold,3,wait,test/test_hold_0007.wav
test_hold_0008,test,hold,0,wait,test/test_hold_0008.wav
test_hold_0009,test,hold,1,wait,test/test_hold_0009.wav
test_hold_0010,test,hold,2,wait,test/test_hold_0010.wav
test_hold_0011,test,hold,3,wait,test/test_hold_0011.wav
test_hold_0012,test,hold,0,wait,test/test_hold_0012.wav
test_hold_0013,test,hold,1,wait,test/test_hold_0013.wav
test_hold_0014,test,hold,2,wait,test/test_hold_0014.wav
test_hold_0015,test,hold,3,wait,test/test_hold_0015.wav
test_hold_0016,test,hold,0,wait,test/test_hold_0016.wav
test_hold_0017,test,hold,1,wait,test/test_hold_0017.wav
test_hold_0018,test,hold,2,wait,test/test_hold_0018.wav
test_hold_0019,test,hold,3,wait,test/test_hold_0019.wav
test_hold_0020,test,hold,0,wait,test/test_hold_0020.wav
test_hold_0021,test,hold,1,wait,test/test_hold_0021.wav
test_hold_0022,test,hold,2,wait,test/test_hold_0022.wav
test_hold_0023,test,hold,3,wait,test/test_hold_0023.wav
test_hold_0024,test,hold,0,wait,test/test_hold_0024.wav
test_hold_0025,test,hold,1,wait,test/test_hold_0025.wav
test_hold_0026,test,hold,2,wait,test/test_hold_0026.wav
test_hold_0027,test,hold,3,wait,test/test_hold_0027.wav
test_hold_0028,test,hold,0,wait,test/test_hold_0028.wav
test_hold_0029,test,hold,1,wait,test/test_hold_0029.wav
test_hold_0030,test,hold,2,wait,test/test_hold_0030.wav
test_hold_0031,test,hold,3,wait,test/test_hold_0031.wav
test_hold_0032,test,hold,0,wait,test/test_hold_0032.wav
test_hold_0033,test,hold,1,wait,test/test_hold_0033.wav
test_hold_0034,test,hold,2,wait,test/test_hold_0034.wav
test_hold_0035,test,hold,3,wait,test/test_hold_0035.wav
test_hold_0036,test,hold,0,wait,test/test_hold_0036.wav
test_hold_0037,test,hold,1,wait,test/test_hold_0037.wav
test_hold_0038,test,hold,2,wait,test/test_hold_0038.wav
test_hold_0039,test,hold,3,wait,test/test_hold_0039.wav
test_interrupt_0000,test,interrupt,0,yield_repair,test/test_interrupt_0000.wav
test_interrupt_0001,test,interrupt,1,yield_repair,test/test_interrupt_0001.wav
test_interrupt_0002,test,interrupt,2,yield_repair,test/test_interrupt_0002.wav
test_interrupt_0003,test,interrupt,3,yield_repair,test/test_interrupt_0003.wav
test_interrupt_0004,test,interrupt,0,yield_repair,test/test_interrupt_0004.wav
test_interrupt_0005,test,interrupt,1,yield_repair,test/test_interrupt_0005.wav
test_interrupt_0006,test,interrupt,2,yield_repair,test/test_interrupt_0006.wav
test_interrupt_0007,test,interrupt,3,yield_repair,test/test_interrupt_0007.wav
test_interrupt_0008,test,interrupt,0,yield_repair,test/test_interrupt_0008.wav
test_interrupt_0009,test,interrupt,1,yield_repair,test/test_interrupt_0009.wav
test_interrupt_0010,test,interrupt,2,yield_repair,test/test_interrupt_0010.wav
test_interrupt_0011,test,interrupt,3,yield_repair,test/test_interrupt_0011.wav
test_interrupt_0012,test,interrupt,0,yield_repair,test/test_interrupt_0012.wav
test_interrupt_0013,test,interrupt,1,yield_repair,test/test_interrupt_0013.wav
test_interrupt_0014,test,interrupt,2,yield_repair,test/test_interrupt_0014.wav
test_interrupt_0015,test,interrupt,3,yield_repair,test/test_interrupt_0015.wav
test_interrupt_0016,test,interrupt,0,yield_repair,test/test_interrupt_0016.wav
test_interrupt_0017,test,interrupt,1,yield_repair,test/test_interrupt_0017.wav
test_interrupt_0018,test,interrupt,2,yield_repair,test/test_interrupt_0018.wav
test_interrupt_0019,test,interrupt,3,yield_repair,test/test_interrupt_0019.wav
test_interrupt_0020,test,interrupt,0,yield_repair,test/test_interrupt_0020.wav
test_interrupt_0021,test,interrupt,1,yield_repair,test/test_interrupt_0021.wav
test_interrupt_0022,test,interrupt,2,yield_repair,test/test_interrupt_0022.wav
test_interrupt_0023,test,interrupt,3,yield_repair,test/test_interrupt_0023.wav
test_interrupt_0024,test,interrupt,0,yield_repair,test/test_interrupt_0024.wav
test_interrupt_0025,test,interrupt,1,yield_repair,test/test_interrupt_0025.wav
test_interrupt_0026,test,interrupt,2,yield_repair,test/test_interrupt_0026.wav
test_interrupt_0027,test,interrupt,3,yield_repair,test/test_interrupt_0027.wav
test_interrupt_0028,test,interrupt,0,yield_repair,test/test_interrupt_0028.wav
test_interrupt_0029,test,interrupt,1,yield_repair,test/test_interrupt_0029.wav
test_interrupt_0030,test,interrupt,2,yield_repair,test/test_interrupt_0030.wav
test_interrupt_0031,test,interrupt,3,yield_repair,test/test_interrupt_0031.wav
test_interrupt_0032,test,interrupt,0,yield_repair,test/test_interrupt_0032.wav
test_interrupt_0033,test,interrupt,1,yield_repair,test/test_interrupt_0033.wav
test_interrupt_0034,test,interrupt,2,yield_repair,test/test_interrupt_0034.wav
test_interrupt_0035,test,interrupt,3,yield_repair,test/test_interrupt_0035.wav
test_interrupt_0036,test,interrupt,0,yield_repair,test/test_interrupt_0036.wav
test_interrupt_0037,test,interrupt,1,yield_repair,test/test_interrupt_0037.wav
test_interrupt_0038,test,interrupt,2,yield_repair,test/test_interrupt_0038.wav
test_interrupt_0039,test,interrupt,3,yield_repair,test/test_interrupt_0039.wav
test_drift_0000,test,drift,0,repair_topic,test/test_drift_0000.wav
test_drift_0001,test,drift,1,repair_topic,test/test_drift_0001.wav
test_drift_0002,test,drift,2,repair_topic,test/test_drift_0002.wav
test_drift_0003,test,drift,3,repair_topic,test/test_drift_0003.wav
test_drift_0004,test,drift,0,repair_topic,test/test_drift_0004.wav
test_drift_0005,test,drift,1,repair_topic,test/test_drift_0005.wav
test_drift_0006,test,drift,2,repair_topic,test/test_drift_0006.wav
test_drift_0007,test,drift,3,repair_topic,test/test_drift_0007.wav
test_drift_0008,test,drift,0,repair_topic,test/test_drift_0008.wav
test_drift_0009,test,drift,1,repair_topic,test/test_drift_0009.wav
test_drift_0010,test,drift,2,repair_topic,test/test_drift_0010.wav
test_drift_0011,test,drift,3,repair_topic,test/test_drift_0011.wav
test_drift_0012,test,drift,0,repair_topic,test/test_drift_0012.wav
test_drift_0013,test,drift,1,repair_topic,test/test_drift_0013.wav
test_drift_0014,test,drift,2,repair_topic,test/test_drift_0014.wav
test_drift_0015,test,drift,3,repair_topic,test/test_drift_0015.wav
test_drift_0016,test,drift,0,repair_topic,test/test_drift_0016.wav
test_drift_0017,test,drift,1,repair_topic,test/test_drift_0017.wav
test_drift_0018,test,drift,2,repair_topic,test/test_drift_0018.wav
test_drift_0019,test,drift,3,repair_topic,test/test_drift_0019.wav
test_drift_0020,test,drift,0,repair_topic,test/test_drift_0020.wav
test_drift_0021,test,drift,1,repair_topic,test/test_drift_0021.wav
test_drift_0022,test,drift,2,repair_topic,test/test_drift_0022.wav
test_drift_0023,test,drift,3,repair_topic,test/test_drift_0023.wav
test_drift_0024,test,drift,0,repair_topic,test/test_drift_0024.wav
test_drift_0025,test,drift,1,repair_topic,test/test_drift_0025.wav
test_drift_0026,test,drift,2,repair_topic,test/test_drift_0026.wav
test_drift_0027,test,drift,3,repair_topic,test/test_drift_0027.wav
test_drift_0028,test,drift,0,repair_topic,test/test_drift_0028.wav
test_drift_0029,test,drift,1,repair_topic,test/test_drift_0029.wav
test_drift_0030,test,drift,2,repair_topic,test/test_drift_0030.wav
test_drift_0031,test,drift,3,repair_topic,test/test_drift_0031.wav
test_drift_0032,test,drift,0,repair_topic,test/test_drift_0032.wav
test_drift_0033,test,drift,1,repair_topic,test/test_drift_0033.wav
test_drift_0034,test,drift,2,repair_topic,test/test_drift_0034.wav
test_drift_0035,test,drift,3,repair_topic,test/test_drift_0035.wav
test_drift_0036,test,drift,0,repair_topic,test/test_drift_0036.wav
test_drift_0037,test,drift,1,repair_topic,test/test_drift_0037.wav
test_drift_0038,test,drift,2,repair_topic,test/test_drift_0038.wav
test_drift_0039,test,drift,3,repair_topic,test/test_drift_0039.wav
test_end_0000,test,end,0,close,test/test_end_0000.wav
test_end_0001,test,end,1,close,test/test_end_0001.wav
test_end_0002,test,end,2,close,test/test_end_0002.wav
test_end_0003,test,end,3,close,test/test_end_0003.wav
test_end_0004,test,end,0,close,test/test_end_0004.wav
test_end_0005,test,end,1,close,test/test_end_0005.wav
test_end_0006,test,end,2,close,test/test_end_0006.wav
test_end_0007,test,end,3,close,test/test_end_0007.wav
test_end_0008,test,end,0,close,test/test_end_0008.wav
test_end_0009,test,end,1,close,test/test_end_0009.wav
test_end_0010,test,end,2,close,test/test_end_0010.wav
test_end_0011,test,end,3,close,test/test_end_0011.wav
test_end_0012,test,end,0,close,test/test_end_0012.wav
test_end_0013,test,end,1,close,test/test_end_0013.wav
test_end_0014,test,end,2,close,test/test_end_0014.wav
test_end_0015,test,end,3,close,test/test_end_0015.wav
test_end_0016,test,end,0,close,test/test_end_0016.wav
test_end_0017,test,end,1,close,test/test_end_0017.wav
test_end_0018,test,end,2,close,test/test_end_0018.wav
test_end_0019,test,end,3,close,test/test_end_0019.wav
test_end_0020,test,end,0,close,test/test_end_0020.wav
test_end_0021,test,end,1,close,test/test_end_0021.wav
test_end_0022,test,end,2,close,test/test_end_0022.wav
test_end_0023,test,end,3,close,test/test_end_0023.wav
test_end_0024,test,end,0,close,test/test_end_0024.wav
test_end_0025,test,end,1,close,test/test_end_0025.wav
test_end_0026,test,end,2,close,test/test_end_0026.wav
test_end_0027,test,end,3,close,test/test_end_0027.wav
test_end_0028,test,end,0,close,test/test_end_0028.wav
test_end_0029,test,end,1,close,test/test_end_0029.wav
test_end_0030,test,end,2,close,test/test_end_0030.wav
test_end_0031,test,end,3,close,test/test_end_0031.wav
test_end_0032,test,end,0,close,test/test_end_0032.wav
test_end_0033,test,end,1,close,test/test_end_0033.wav
test_end_0034,test,end,2,close,test/test_end_0034.wav
test_end_0035,test,end,3,close,test/test_end_0035.wav
test_end_0036,test,end,0,close,test/test_end_0036.wav
test_end_0037,test,end,1,close,test/test_end_0037.wav
test_end_0038,test,end,2,close,test/test_end_0038.wav
test_end_0039,test,end,3,close,test/test_end_0039.wav
